<?xml version="1.0"?>
<pagescount>
	<html_total>29</html_total>
	<html_done>1</html_done>
	<images>66</images>
	<script>11</script>
	<css>6</css>
	<pdf/>
	<documents/>
	<excel/>
	<powerpoint/>
	<flash/>
	<audios/>
	<videos/>
	<xml/>
	<json/>
	<txt/>
	<autocad/>
	<fonts>8</fonts>
	<scraping_reload>1</scraping_reload>
	<is_pretty_url>false</is_pretty_url>
	<is_ebn>false</is_ebn>
	<email>daniyal.qureshi42@gmail.com</email>
	<theme_name>WmdTheme600656</theme_name>
	<server_url_front_page>https://www6.waybackmachinedownloader.com/wdo/files/demo/rainbowit.net_daniyal.qureshi42_gmail.com_l8umj8z8sz/</server_url_front_page>
	<no_www_url>rainbowit.net</no_www_url>
	<hosted_domain/>
	<original_archive_url>https://rainbowit.net/html/inbio/home-web-developer-white-version.html</original_archive_url>
	<final_archive_url>https://rainbowit.net/html/inbio/home-web-developer-white-version.html</final_archive_url>
	<front_page_code_date/>
	<total_urls_from_api/>
	<max_reached_live>false</max_reached_live>
	<scrape_other_captures>false</scrape_other_captures>
	<total_size>24476</total_size>
</pagescount>
